{
  "benchmark": "DataRef-EXP",
  "model": "kimi-k2-0905-preview",
  "n_runs": 3,
  "n_papers": 20,
  "n_ground_truth": 47,
  "systems": {
    "DG-RTR": {
      "runs": [
        {
          "run": 1,
          "preds": 37,
          "loose_p": 94.59,
          "loose_r": 74.47,
          "loose_f1": 83.33,
          "strict_f1": 66.67,
          "tp": 35,
          "fp": 2,
          "fn": 12,
          "cost_usd": 0.0118,
          "wall_s": 173.4,
          "llm_calls": 20,
          "prompt_tokens": 11381,
          "completion_tokens": 1971
        },
        {
          "run": 2,
          "preds": 37,
          "loose_p": 94.59,
          "loose_r": 74.47,
          "loose_f1": 83.33,
          "strict_f1": 66.67,
          "tp": 35,
          "fp": 2,
          "fn": 12,
          "cost_usd": 0.0118,
          "wall_s": 172.3,
          "llm_calls": 20,
          "prompt_tokens": 11381,
          "completion_tokens": 1973
        },
        {
          "run": 3,
          "preds": 34,
          "loose_p": 97.06,
          "loose_r": 70.21,
          "loose_f1": 81.47999999999999,
          "strict_f1": 74.07000000000001,
          "tp": 33,
          "fp": 1,
          "fn": 14,
          "cost_usd": 0.0107,
          "wall_s": 950.3,
          "llm_calls": 18,
          "prompt_tokens": 10392,
          "completion_tokens": 1790
        }
      ],
      "summary": {
        "preds": {
          "mean": 36,
          "std": 1.7320508075688772,
          "min": 34,
          "max": 37,
          "values": [
            37,
            37,
            34
          ]
        },
        "loose_p": {
          "mean": 95.41333333333334,
          "std": 1.426055164898375,
          "min": 94.59,
          "max": 97.06,
          "values": [
            94.59,
            94.59,
            97.06
          ]
        },
        "loose_r": {
          "mean": 73.05,
          "std": 2.4595121467478087,
          "min": 70.21,
          "max": 74.47,
          "values": [
            74.47,
            74.47,
            70.21
          ]
        },
        "loose_f1": {
          "mean": 82.71333333333332,
          "std": 1.0680979980008125,
          "min": 81.47999999999999,
          "max": 83.33,
          "values": [
            83.33,
            83.33,
            81.47999999999999
          ]
        },
        "strict_f1": {
          "mean": 69.13666666666667,
          "std": 4.272391992003234,
          "min": 66.67,
          "max": 74.07000000000001,
          "values": [
            66.67,
            66.67,
            74.07000000000001
          ]
        },
        "cost_usd": {
          "mean": 0.011433333333333334,
          "std": 0.0006350852961085885,
          "min": 0.0107,
          "max": 0.0118,
          "values": [
            0.0118,
            0.0118,
            0.0107
          ]
        },
        "wall_s": {
          "mean": 432.0,
          "std": 448.8613037453774,
          "min": 172.3,
          "max": 950.3,
          "values": [
            173.4,
            172.3,
            950.3
          ]
        }
      }
    },
    "DG-FDR": {
      "runs": [
        {
          "run": 1,
          "preds": 36,
          "loose_p": 97.22,
          "loose_r": 74.47,
          "loose_f1": 84.34,
          "strict_f1": 65.06,
          "tp": 35,
          "fp": 1,
          "fn": 12,
          "cost_usd": 0.6208,
          "wall_s": 259.7,
          "llm_calls": 20,
          "prompt_tokens": 1029767,
          "completion_tokens": 1180
        },
        {
          "run": 2,
          "preds": 41,
          "loose_p": 85.37,
          "loose_r": 74.47,
          "loose_f1": 79.55,
          "strict_f1": 61.36000000000001,
          "tp": 35,
          "fp": 6,
          "fn": 12,
          "cost_usd": 0.6212,
          "wall_s": 107.7,
          "llm_calls": 20,
          "prompt_tokens": 1029767,
          "completion_tokens": 1331
        },
        {
          "run": 3,
          "preds": 36,
          "loose_p": 97.22,
          "loose_r": 74.47,
          "loose_f1": 84.34,
          "strict_f1": 67.47,
          "tp": 35,
          "fp": 1,
          "fn": 12,
          "cost_usd": 0.6208,
          "wall_s": 178.6,
          "llm_calls": 20,
          "prompt_tokens": 1029767,
          "completion_tokens": 1173
        }
      ],
      "summary": {
        "preds": {
          "mean": 37.666666666666664,
          "std": 2.8867513459481287,
          "min": 36,
          "max": 41,
          "values": [
            36,
            41,
            36
          ]
        },
        "loose_p": {
          "mean": 93.27,
          "std": 6.841600689897062,
          "min": 85.37,
          "max": 97.22,
          "values": [
            97.22,
            85.37,
            97.22
          ]
        },
        "loose_r": {
          "mean": 74.47,
          "std": 0.0,
          "min": 74.47,
          "max": 74.47,
          "values": [
            74.47,
            74.47,
            74.47
          ]
        },
        "loose_f1": {
          "mean": 82.74333333333334,
          "std": 2.765507789418311,
          "min": 79.55,
          "max": 84.34,
          "values": [
            84.34,
            79.55,
            84.34
          ]
        },
        "strict_f1": {
          "mean": 64.63,
          "std": 3.0776127111772813,
          "min": 61.36000000000001,
          "max": 67.47,
          "values": [
            65.06,
            61.36000000000001,
            67.47
          ]
        },
        "cost_usd": {
          "mean": 0.6209333333333333,
          "std": 0.00023094010767582486,
          "min": 0.6208,
          "max": 0.6212,
          "values": [
            0.6208,
            0.6212,
            0.6208
          ]
        },
        "wall_s": {
          "mean": 182.0,
          "std": 76.05701808511822,
          "min": 107.7,
          "max": 259.7,
          "values": [
            259.7,
            107.7,
            178.6
          ]
        }
      }
    },
    "DocETL v0": {
      "runs": [
        {
          "run": 1,
          "preds": 38,
          "loose_p": 81.58,
          "loose_r": 65.96,
          "loose_f1": 72.94,
          "strict_f1": 51.76,
          "tp": 31,
          "fp": 7,
          "fn": 16,
          "cost_usd": 0.2973,
          "wall_s": 31.4,
          "llm_calls": 21,
          "prompt_tokens": 481209,
          "completion_tokens": 3412
        },
        {
          "run": 2,
          "preds": 40,
          "loose_p": 82.5,
          "loose_r": 70.21,
          "loose_f1": 75.86,
          "strict_f1": 55.169999999999995,
          "tp": 33,
          "fp": 7,
          "fn": 14,
          "cost_usd": 0.2977,
          "wall_s": 26.8,
          "llm_calls": 21,
          "prompt_tokens": 481209,
          "completion_tokens": 3571
        },
        {
          "run": 3,
          "preds": 34,
          "loose_p": 91.18,
          "loose_r": 65.96,
          "loose_f1": 76.53999999999999,
          "strict_f1": 61.73,
          "tp": 31,
          "fp": 3,
          "fn": 16,
          "cost_usd": 0.2965,
          "wall_s": 33.4,
          "llm_calls": 21,
          "prompt_tokens": 481209,
          "completion_tokens": 3100
        }
      ],
      "summary": {
        "preds": {
          "mean": 37.333333333333336,
          "std": 3.0550504633038935,
          "min": 34,
          "max": 40,
          "values": [
            38,
            40,
            34
          ]
        },
        "loose_p": {
          "mean": 85.08666666666667,
          "std": 5.296992857587537,
          "min": 81.58,
          "max": 91.18,
          "values": [
            81.58,
            82.5,
            91.18
          ]
        },
        "loose_r": {
          "mean": 67.37666666666667,
          "std": 2.4537386440559095,
          "min": 65.96,
          "max": 70.21,